{
  "version": "7",
  "dialect": "mysql",
  "entries": [
    {
      "idx": 0,
      "version": "5",
      "when": 1769787428876,
      "tag": "0000_unique_scream",
      "breakpoints": true
    },
    {
      "idx": 1,
      "version": "5",
      "when": 1769787512503,
      "tag": "0001_hot_living_mummy",
      "breakpoints": true
    },
    {
      "idx": 2,
      "version": "5",
      "when": 1769790781735,
      "tag": "0002_noisy_squadron_sinister",
      "breakpoints": true
    },
    {
      "idx": 3,
      "version": "5",
      "when": 1770563297448,
      "tag": "0003_kind_mulholland_black",
      "breakpoints": true
    },
    {
      "idx": 4,
      "version": "5",
      "when": 1770563368836,
      "tag": "0004_icy_rafael_vega",
      "breakpoints": true
    },
    {
      "idx": 5,
      "version": "5",
      "when": 1770566324047,
      "tag": "0005_nebulous_mariko_yashida",
      "breakpoints": true
    },
    {
      "idx": 6,
      "version": "5",
      "when": 1770567080129,
      "tag": "0006_new_goblin_queen",
      "breakpoints": true
    },
    {
      "idx": 7,
      "version": "5",
      "when": 1770723309281,
      "tag": "0007_funny_leopardon",
      "breakpoints": true
    },
    {
      "idx": 8,
      "version": "5",
      "when": 1771347444935,
      "tag": "0008_right_forgotten_one",
      "breakpoints": true
    }
  ]
}